Competitor,Category,Primary Buyer Trigger,Pricing Posture,Pricing Snapshot (2026-07-24),Snapshot Confidence,Core Strength,Typical Weakness,Festio Positioning Counter,Pricing Response Strategy
Gatsby Events,Direct strategic,Invite-only relationship events in VC/PE and executive programs,Opaque custom quote,No public numeric prices; pricing scales by team size and event volume via sales call,High,Premium narrative and trust posture,Low public price transparency and narrower public evidence of transactional depth,Curation plus full operations execution with transparent planning costs,Keep visible core tiers and offer premium enterprise lane
RSVPify,Direct strategic,Premium RSVP and branded registration,Published tiers plus enterprise upsell,Public tiers shown; observed values include Starter/Plus/Professional variants and Enterprise custom (page variants show $39/$125/$409 and feature table also references $24/$89/$299),Medium,Strong registration polish,Can be registration-centric vs full operations,Show end-to-end operations continuity from invite to check-in,Price on breadth-per-dollar not point features
EventCreate,Direct strategic/web-first,Fast polished event page setup,Published tiers with add-ons,Large feature matrix; ticketing fee bands shown from 5% down to 0% by scale; add-ons include Whitelabel +$360/year and SMS +$600/year,High,Design and launch friendliness,Add-on stacking can increase effective cost,Show integrated operations and fewer handoff tools,Use bundled tiers with clear inclusion boundaries
Cvent,Enterprise platform,Procurement-heavy enterprise standardization,Enterprise contract,Quote-led enterprise buying motion with limited simple public list-pricing visibility,Medium,Procurement familiarity and enterprise footprint,Complexity and cost for many teams,Compete on speed operator usability and lower friction rollout,Offer enterprise add-ons without heavy implementation barrier
Bizzabo,Enterprise/B2B marketing,Marketing-led conference program needs,Enterprise/quote-heavy,Enterprise-led pricing motion generally quote-based,Medium,Strong event marketing ecosystem,Can be overbuilt for relationship-led private events,Position as focused relationship-event operations system,Anchor with transparent core pricing and upgrade path
Splash,Enterprise event marketing,Brand-led event campaign execution,Enterprise-led,Enterprise sales posture generally quote-led,Medium,Brand and campaign focus,Less obvious depth in live operational control,Lead with event-day operational reliability and access workflows,Emphasize predictable total cost with operation modules
Swoogo,B2B event ops,Structured conference registration,Mid-market to enterprise,Commercial packaging typically demo/quote-led for larger programs,Medium,Reliable event structure and registration,Less complete channel and operational continuity story,Demonstrate communication plus check-in plus access in one record,Package growth tiers around operational maturity
Eventbrite,Transaction-first ticketing,Public paid event checkout speed,Transaction fee model,Free events: free; paid tickets: 3.7% + $1.79 service fee per ticket plus 2.9% payment processing per order,High,Category familiarity and quick launch,Fee accumulation at scale and less curated guest posture,Compare total economics and relationship-event sophistication,Provide event-cost calculator and flat-tier alternatives
TicketTailor,Transaction-first ticketing,Cost-sensitive paid event operations,Low fee plus credit model,Pay-as-you-go £0.60 per paid ticket + VAT; prepaid credits from £0.22 per ticket + VAT; free events generally free up to annual threshold,High,Price transparency and low entry cost,Lower perceived depth for high-context operations,Show incremental operational value beyond checkout,Maintain transparent pricing and explicit overage rules
Tito,Transaction-first ticketing,Straightforward paid registrations,Simple transparent pricing,Tito fee 3% per paid ticket (charity/community 2.5%); free events free; gateway fees separate e.g. Stripe 2.9% + 30c with fee cap noted,High,Simplicity and quick setup,Limited depth for complex relationship operations,Show migration-free growth path into advanced operations,Keep starter tier simple and publish upgrade economics
Humanitix,Transaction-first ticketing,Mission-aligned low-fee paid registrations,Simple transparent pricing,Free events free; Standard 2.1% + $0.99 per paid ticket plus processing 2.9% + $0.30; Charities and Schools 1% + $0.99 plus processing,High,Low fees plus mission positioning,Limited depth for complex relationship operations in some buyer segments,Show premium operational depth and governance path,Protect margin while preserving transparent core pricing
